new_job_idx,op_idx_in_job,mach_0based,dur
3,0,1,9.000000
0,0,0,13.000000
1,0,4,13.000000
2,0,1,11.600000
3,1,2,5.500000
3,2,3,9.300000
3,3,1,10.000000
2,1,2,5.500000
3,4,3,10.000000
0,1,1,9.000000
1,1,1,9.000000
0,2,2,5.500000
2,2,3,9.300000
3,5,0,20.000000
0,3,3,9.300000
2,3,1,10.000000
1,2,2,5.500000
1,3,3,9.300000
0,4,1,10.760000
2,4,3,10.300000
1,4,1,10.760000
0,5,0,20.000000
1,5,4,20.000000
